country,cluster_lat,cluster_lon,cons_pc,nightlights
eth,3.45570056699,39.5159939261,14.854633584634072,0.0
eth,3.54993726091,39.1842340255,14.312021655655702,0.0
eth,3.8642429801,39.1013658071,12.470144695912586,0.0
eth,3.98293116381,38.4913678893,8.336539133501514,0.0
eth,4.04819412104,41.9309280688,4.762526400755319,0.0
eth,4.2353408846,38.3859126851,6.252727434184448,0.0
eth,4.28184427047,41.8750755047,11.930804456109817,0.0
eth,4.76768886663,39.2697492018,8.848297870907532,0.0
eth,4.8070976028,36.0818398582,8.256222248009827,0.0
eth,4.86583201441,39.1736734474,3.0004205872231857,0.0
eth,4.87905466671,39.1953787271,7.4979638580862495,0.0
eth,4.98817917691,36.4805486186,4.244107433966068,0.0041978452
eth,5.06617360457,39.8033863219,17.38728436214993,0.0
eth,5.21350249941,40.0351534251,14.601056932511005,0.0057460186
eth,5.22299798627,41.0432055896,7.357903580937716,0.0
eth,5.25295513188,37.4271768268,2.739286536080284,0.0
eth,5.29947726643,37.4826182904,3.249502842735202,0.012299198
eth,5.49534488804,37.5518429316,6.982253096524787,0.0
eth,5.51248465997,37.6022764827,16.003865231340352,0.0
eth,5.52570615347,38.7620666963,7.3697236524862975,0.00045721556
eth,5.5541668341,37.8416513316,8.612026850742481,0.0
eth,5.59568261612,38.2936192427,14.042021611988435,0.0039486215
eth,5.60315524467,37.6030634072,9.87005228035301,0.0
eth,5.63928393085,37.3823169626,3.8898478223602706,0.020875113
eth,5.64655886803,37.3818910811,3.3161773839400532,0.020875113
eth,5.74709706037,37.8508868358,3.976004949208631,0.0
eth,5.80379577019,36.5810919609,6.430465809039497,0.057015687
eth,5.82562469489,38.6725076713,11.642790122630721,0.0
eth,5.83633941337,36.6070302097,6.575642003828283,0.001857065
eth,5.85184911518,37.8832189758,5.698217089621718,0.0052593765
eth,5.87254139533,36.5547616695,25.249552582961698,0.003300447
eth,5.90110061304,36.5785635622,4.349775628882177,0.0031504265
eth,5.94525407784,38.322510837,6.594714946716014,0.009535287
eth,5.94989088571,37.1552324163,2.6437102061586546,0.00118081
eth,5.98301240509,38.1616652609,6.9582416842947445,0.018064855
eth,5.98817082582,37.4387863255,4.240268357015432,0.0
eth,6.00281125449,37.5432936133,15.254802862773861,0.7858
eth,6.01320414316,37.5572904068,6.848090347175636,0.7745055
eth,6.02435784991,38.3413616597,4.568042981436726,0.0
eth,6.04835097849,37.5568587055,5.962702375014339,0.7768722
eth,6.05915013841,37.545217807,6.641390995994363,0.56443965
eth,6.13630868631,36.6759763471,3.95525689130602,0.00092268415
eth,6.13878361273,38.2843372409,7.9886487635470536,0.0
eth,6.20010588939,36.5861907555,2.622240018548418,0.0
eth,6.23179734158,35.8385790499,4.7166543416071995,0.0
eth,6.23385511377,37.3456169058,10.228657271468787,0.0
eth,6.2600677475,35.2645547968,4.664403056838201,0.0
eth,6.2656349463,36.6109388136,5.849649381098062,0.008863293
eth,6.27761186614,38.3115215185,3.1111891463144326,0.0036018225
eth,6.29109687243,37.4818442988,8.573492095973279,0.024873951
eth,6.33301035552,36.6032685349,5.914050942558589,0.0084604155
eth,6.36391514169,36.5892168406,6.441961764478814,0.0
eth,6.37589338272,38.7269447069,5.453842878097201,0.0
eth,6.39898337786,38.8768980886,6.449171674388625,0.0
eth,6.40123809791,38.3446012616,8.286713556845871,0.24243075
eth,6.43132806354,37.6603410409,12.345103982370096,0.016258115
eth,6.44962796151,38.3196828622,4.262049854309265,0.25016913
eth,6.45050353832,39.8802730059,14.45825037757393,0.060294542
eth,6.50156734188,37.4709978737,4.1822359251007155,0.007650009
eth,6.59328992813,38.4223921387,11.94250888059968,0.07444303
eth,6.61699649052,37.4846255397,5.537213303679431,0.0
eth,6.63095001102,36.7852027008,11.820675239137392,0.0
eth,6.65580676267,38.3245737951,4.292401189724962,0.0038425168
eth,6.70685847437,37.409545286,3.92038642840596,0.0
eth,6.78301858962,37.5509812536,6.610220727549275,0.0
eth,6.80310210938,38.5126355838,4.6550195593252734,0.003343526
eth,6.80492958256,35.8646146207,5.464383851045832,0.0
eth,6.85154345042,37.7801781416,16.217702340127275,0.44120175
eth,6.88872100597,37.9522518332,8.857676267178324,0.022792907
eth,6.90210116638,37.7348762189,6.106009853814572,0.19356608
eth,6.90990756063,37.774162367,8.06067578981762,0.06806782
eth,6.91156800008,38.4817078008,7.602519727411019,0.07339273
eth,6.91411343602,35.6303215499,4.282904739242083,0.0
eth,6.92495009304,38.3559681101,10.085722497643209,0.014393866
eth,6.93084850884,38.595896045,7.04568610519267,0.01177685
eth,6.94302150261,37.2950167052,6.041676556804247,0.0009129202
eth,6.94902910992,35.772021814,9.904050485847026,0.013207658
eth,6.94992604668,37.8864940524,3.859739097230144,0.06620769
eth,6.98359796157,40.3522763184,11.885595386638931,0.007832945
eth,6.9854158586,35.5733201529,12.630055989949936,0.19339098
eth,6.98589410147,36.4255203181,9.500093232249743,0.0
eth,7.00349013971,39.1624463866,8.266814756890172,0.07568457
eth,7.0204703088,40.3194889265,23.64070054711098,0.000772444
eth,7.02150110471,38.4874759267,15.223994276419145,2.8293426
eth,7.03041856096,38.4696485423,20.583853047458952,3.1075866
eth,7.03607701317,37.3092790736,7.600852903891185,0.012466242
eth,7.04334914578,38.4725189381,18.270405929741642,3.3091302
eth,7.05045350209,38.481473729,31.33695598578335,3.2513678
eth,7.05305285634,38.4811126646,38.442314867525575,3.2488205
eth,7.05591646117,38.485920377,68.55352152363007,3.3865726
eth,7.0587043433,37.1757686301,10.739910942593548,0.005112274
eth,7.06282236274,38.494202114,10.928704780466608,3.1959603
eth,7.06388070898,37.7193022693,15.957731668541841,0.05499041
eth,7.06498545789,38.4802041202,8.693778315909885,3.0822415
eth,7.09517484082,36.6553017363,7.699362153506154,0.031100672
eth,7.09849246271,39.1906361993,9.01332387067524,0.05365214
eth,7.09924325001,37.128257018,4.7336739417454154,0.009689357
eth,7.10115660875,40.010966093,10.004904708655484,0.19826151
eth,7.11090917192,36.4669773812,18.110465674830078,0.0
eth,7.14547506346,35.4611988078,6.147068169477303,0.028253427
eth,7.14637860111,36.8971397399,7.190516423841298,0.002489236
eth,7.15974968202,36.836041539,5.643326397706235,0.009656949
eth,7.1643297276,39.8203710541,10.644092279591517,0.0
eth,7.17093819418,38.6018861376,15.097178008018668,0.83385617
eth,7.17430039499,37.9492676831,4.886722406965354,0.033316556
eth,7.18665976435,37.191047131,8.639765305377608,0.029132662
eth,7.19057165925,35.4228308345,5.432886281086378,0.1307277
eth,7.22388701369,38.602865316,11.991329091330611,0.85176784
eth,7.22604668328,35.2944712687,5.8772701979044735,0.02333095
eth,7.25810515348,35.3135608448,8.72250466001274,0.02227045
eth,7.25898773197,40.6146233206,17.169966412273613,0.0
eth,7.26850368689,38.6020916798,9.694879009584165,0.005563126
eth,7.27442629343,35.2563379766,11.320325525676097,0.0
eth,7.27556859449,35.3761222945,13.188069632463986,0.0045540826
eth,7.27673837537,38.1157382755,6.2270118510752726,0.1661637
eth,7.28374522639,37.7571481782,7.340268624672665,0.0
eth,7.30240486926,35.1983637711,4.369814337136288,0.0
eth,7.31318183469,36.5951905108,4.896592216121855,0.00395864
eth,7.34918791893,38.8049340076,10.416646617943714,0.0021767514
eth,7.37676330298,37.8935648714,13.30797199573779,0.019684536
eth,7.38160282799,37.6033985811,8.672122012273233,0.00044428048
eth,7.40568344221,38.0810753873,7.670836458253019,0.0
eth,7.42843060501,38.9573869302,11.566130933377632,0.0
eth,7.43667493729,41.0005629905,9.33105956470008,0.0
eth,7.442807492,37.8659104876,6.651984277241137,0.0036628728
eth,7.44867719122,35.868074501,6.16034515374039,0.0
eth,7.45285491176,37.135765213,2.928816481457665,0.0
eth,7.47556744642,36.4429756569,9.023218809182072,0.0
eth,7.51326045706,37.6461378355,8.597022375008676,0.0028514464
eth,7.54390699281,37.862935178,17.658746112694107,0.4155619
eth,7.54783077574,37.0818248622,7.239723041652893,0.0
eth,7.58861044429,39.7945944298,8.114104423689353,0.0016932705
eth,7.64691311056,34.2562839247,18.63278727754271,0.0
eth,7.65816033645,38.0946319154,8.39626714690513,0.0
eth,7.66853940862,36.8415831395,17.82191756080073,1.215907
eth,7.66912376181,36.92553529,8.743042874064626,0.013098688
eth,7.67211701378,35.8400122926,10.12971348102291,0.0
eth,7.67723960482,36.8176577054,17.519094950919172,1.1243583
eth,7.6926289959,37.7336160957,11.271894861755813,0.008983488
eth,7.70538466173,37.6505389613,9.01613924660123,0.0004909204
eth,7.73169598877,37.4985838007,11.042228063989233,0.0
eth,7.77573960381,39.8661143537,10.108591990168797,0.0027292783
eth,7.79120996652,38.3295082817,7.330120319520413,0.0
eth,7.79349904803,38.2505601834,8.622958527253074,0.023760546
eth,7.81991142387,37.828597498,8.418185565501537,0.0063698757
eth,7.82727102592,35.3924934526,9.965001826318451,0.0
eth,7.83013692022,34.5080541478,4.894640398308882,0.0
eth,7.88005862562,36.0983250614,7.923488530733788,0.0
eth,7.8891255011,37.5456591429,5.911465322688968,0.0023284492
eth,7.92925133102,38.7168656746,6.756384337354982,0.65017354
eth,7.9697354732,36.6697798545,12.66382885664315,0.0023243753
eth,7.97698683396,37.4779072445,14.267797070307854,0.013350567
eth,7.97824604282,39.132120088,11.752842575462386,0.3947541
eth,7.98501581104,38.1539348643,4.0460101631596075,0.003325259
eth,8.00671193105,34.5566341877,9.653966874003267,0.0
eth,8.07346204202,36.4978704647,7.951322349678191,0.011233137
eth,8.07578959014,38.4395969167,4.719057336708894,0.03181712
eth,8.08842299138,39.0349251986,4.749824458969749,0.0216027
eth,8.0938276118,36.4574609552,8.324622921612622,0.01072254
eth,8.11332653211,38.7753045688,8.002375954532274,0.0718885
eth,8.11835892139,37.711581489,6.57831685791992,0.0
eth,8.11992331839,38.3685641109,16.610819193550068,0.20900875
eth,8.13327890849,38.2086730522,7.330799078453991,0.0
eth,8.14928030946,38.8306181132,8.392769129127407,0.17462206
eth,8.1679123876,37.7464125492,3.7053386769924885,0.031276982
eth,8.16863199454,38.6464528783,10.66590237595186,0.0012430858
eth,8.16979824749,35.6406321333,12.391064133618487,0.0021563026
eth,8.17949664228,37.9272178152,6.661848694018016,0.032912273
eth,8.18930636005,36.4699847397,11.48572027499388,0.0007873811
eth,8.19726994714,34.2016617219,8.222437171524854,0.0
eth,8.20429943583,37.7931347282,7.618440423626126,0.15427713
eth,8.24696450208,34.5963960166,15.478583072928437,0.107430816
eth,8.26683229052,34.6093207764,12.583900199170644,0.107430816
eth,8.27575877219,33.980758515,7.90834165051154,0.0
eth,8.29381741375,34.56500735,7.5754363157949625,0.038400482
eth,8.39113691338,35.9322387334,17.299577490376116,0.01915179
eth,8.39200458575,33.4683567701,12.981878390411751,0.0
eth,8.40007079517,33.938508848,4.8206718750801745,0.0
eth,8.4492897561,36.1827782933,14.628599135735296,0.0
eth,8.45450852256,36.3484995508,14.813381952646823,0.08046107
eth,8.46646303095,37.4369214482,10.076805697700472,0.011736305
eth,8.51788221341,39.2833632713,26.578262899345074,3.133997
eth,8.53392278709,39.268270967,8.125984578973624,3.4717667
eth,8.54030510688,39.2492407706,13.515473181864689,3.467385
eth,8.54132289589,39.2718889911,16.726576759319997,3.3193717
eth,8.55172513537,39.2673656876,14.933453368695103,3.2704043
eth,8.57190296323,40.3175172324,14.49624979052857,0.03985744
eth,8.5770997227,39.1537952229,1.598231448106141,0.9624729
eth,8.60554270703,37.0987071741,6.174637547663656,0.0057772715
eth,8.61492078832,34.6514363264,8.306702201912806,0.001827357
eth,8.63334290818,36.6806962392,11.310798316260737,0.0
eth,8.6361010406,38.1519350254,12.96835371183311,0.0
eth,8.64302754866,37.0632145326,13.229825031693096,0.0
eth,8.65230864709,40.6178499401,8.373192184063049,0.0
eth,8.6536780825,36.6077474888,16.31169041318994,0.0
eth,8.66161555833,35.6426976235,6.709766680624966,0.0
eth,8.68349171525,38.8054367657,10.047009687097553,0.0
eth,8.72042840438,37.9114568164,14.804526253872696,0.0010603829
eth,8.72717898314,39.1876998149,12.361355470773098,0.0043716906
eth,8.73814791477,39.840529416,10.731040506877605,0.002701946
eth,8.74304517464,36.4844481911,9.591258956880361,0.03056557
eth,8.7688653041,35.5671754136,3.4971097196515184,0.0
eth,8.82166292432,38.3469271782,19.49784744269189,0.07724808
eth,8.84115434604,37.9135797978,9.544794304388708,0.0
eth,8.84297565884,43.8706580642,10.154503919513953,0.0
eth,8.88268075989,38.7810019873,17.970694277885496,3.535595
eth,8.89111413132,40.7670932528,11.410351325462218,0.05481766
eth,8.89876421903,40.2744651027,12.06791305210944,0.0
eth,8.93203319681,38.6507034039,15.333124556024448,2.4947667
eth,8.93900132215,40.4714489125,6.496013406343852,0.0
eth,8.95426101301,38.7769014146,30.038593509005654,11.813975
eth,8.95748548658,38.7621280316,10.622939785593001,13.210879
eth,8.95803069867,38.7480862349,12.8252288774095,12.7667055
eth,8.96405834565,38.7219020653,20.488550251828187,11.098558
eth,8.97089097863,38.6245563425,12.048048774593294,0.6604887
eth,8.98085326767,38.6959824984,22.60464469721196,8.664561
eth,8.9897508421,38.7736534474,17.76838134629307,17.48365
eth,9.00397364652,39.0027426232,19.487085948470895,0.0
eth,9.0093694062,40.7218752036,8.661762912687825,0.0
eth,9.01383467168,38.7413344572,14.81683870592425,16.060524
eth,9.01525667835,38.8137498499,20.499866047904455,12.277067
eth,9.01530115929,35.046540828,13.390213739811129,0.0
eth,9.01870882345,38.7899967067,12.782308726168655,15.397589
eth,9.02011593,38.7333793622,18.2069681639532,14.894211
eth,9.02357448302,38.7842487086,11.709447067110165,15.238652
eth,9.0308423142,36.4037942076,7.716657169501313,0.0
eth,9.03417992657,38.8425680751,23.62116625872254,6.672463
eth,9.03750881969,38.7378110164,11.936231502751136,12.619624
eth,9.03815880629,43.2537267944,11.807317461420666,0.0
eth,9.04756694903,38.7182422373,14.566923265640279,9.005054
eth,9.05293496286,38.7351170883,18.578237942108142,9.488682
eth,9.0560702976,38.5868125112,7.236221974565409,0.23028336
eth,9.06107183279,38.7917785847,12.539863302007127,5.0432687
eth,9.06263842723,41.6874705216,7.784350591092501,0.0004010796
eth,9.06615498369,38.4935503457,15.630010273859957,0.25327045
eth,9.06748034312,43.5342684053,6.079016166164772,0.0
eth,9.07117082101,40.6909795959,4.267048555230749,0.0
eth,9.07181262124,38.7299290459,13.79239395922911,5.582793
eth,9.07702977605,35.6156340346,6.577284024154895,0.002023149
eth,9.09607306007,43.2041452368,12.017693090848288,0.07047955
eth,9.09775450936,41.6496397471,4.855175482198038,0.008248938
eth,9.11310120642,43.1741768096,13.683324070186409,0.07047955
eth,9.12101610861,41.6645574137,7.341853990190932,0.008248938
eth,9.13816237549,39.9472275908,7.280677666818448,0.014238983
eth,9.15084358304,43.348816114,4.075655909949856,0.064924605
eth,9.15085019484,41.8440556364,16.6486943391491,0.013813935
eth,9.16400260905,35.8283481751,7.891481935525098,0.085944615
eth,9.18318556596,42.0206883252,14.170827404760256,0.0
eth,9.21265435402,39.9877972501,16.178799427688542,0.0
eth,9.22079544864,42.4952242973,12.00662898290597,0.011027294
eth,9.23975778401,42.4419432943,11.557645059542555,0.011552403
eth,9.2463064163,42.2173944859,9.060820363920664,0.005484135
eth,9.24924684111,40.0598560794,9.808107416677535,0.11146711
eth,9.26445855436,42.1477441163,15.320154209260844,0.51214087
eth,9.27305633369,42.132216294,20.05354706776828,0.95641714
eth,9.30185627536,42.5964917162,14.485640408216693,0.0
eth,9.3102972075,42.1842178725,5.297859514844761,0.2423061
eth,9.31507331624,42.1446521473,18.629731094303473,1.0387609
eth,9.32340832355,43.2784116014,9.83969258650803,0.0
eth,9.33257557657,42.2485029939,19.422894004914415,0.0
eth,9.33726350871,42.2004270507,17.427072710228032,0.024478318
eth,9.33777604196,42.0807314664,13.001333384029978,0.6915657
eth,9.33809911164,42.0999509753,9.961077230949295,1.0943778
eth,9.35629919036,40.2364697018,6.823075106152819,0.010594581
eth,9.35643823488,36.3910724637,19.062681399964546,0.0
eth,9.35810274536,35.5751653852,6.449868216828812,0.011418388
eth,9.36029530834,42.0920688567,16.45405197961673,0.30806196
eth,9.36610452418,37.8682114329,4.038610534384744,0.0
eth,9.36663445547,36.2748855694,3.1321236146256606,0.0
eth,9.36858838017,42.7944752525,23.115905117292012,1.3199073
eth,9.37107710036,42.1031932694,19.14974026712853,0.13703921
eth,9.3723549327,38.3223627848,18.53329699911135,0.20131706
eth,9.37406026468,41.5884594299,8.680618649415004,0.06819744
eth,9.38880972769,35.6143908552,6.025893515480897,0.012531744
eth,9.38997204639,34.4111180012,20.159684107712042,0.00793214
eth,9.39137371981,36.2194348147,4.7039196432913455,0.0
eth,9.40053953262,42.8585260119,19.92073521293128,0.09792949
eth,9.47303240515,41.7186492241,8.504873629570685,0.00067782175
eth,9.47651243141,34.4209015528,4.876370247219798,0.0
eth,9.51321818808,41.8161343197,12.22886062468266,0.0037836265
eth,9.51787068443,40.1647901335,10.397077921163051,0.0
eth,9.51889280492,40.1625868767,11.556479856565852,0.0
eth,9.52188677883,40.1427353618,9.079326204495764,0.0
eth,9.52263568005,41.8797838579,4.984132391125262,0.14344764
eth,9.5268552421,41.940878737,8.961533045471711,0.00042564244
eth,9.52795862829,40.122894727,6.200417116726858,0.0
eth,9.55091666159,42.0823653656,15.480813321110922,0.0
eth,9.55152585441,41.358379098,9.489309543244113,0.02125667
eth,9.55192525075,41.7853673729,11.78240523609566,0.007595272
eth,9.55408199803,39.5793387065,9.13911894580334,0.0
eth,9.56278453335,40.1019937951,10.53711796298485,0.0
eth,9.56552604162,41.5231782329,4.35557484077438,0.0
eth,9.56789007387,41.9822667431,8.976653120356286,0.0
eth,9.56898165487,41.8673487349,7.596581907960857,1.8234571
eth,9.57652390818,40.1500767563,9.965652405515604,0.0
eth,9.58084854582,41.8521195965,12.376361838246483,2.1551707
eth,9.59210935206,41.874381517,22.71971589787187,1.8929552
eth,9.59216564305,41.8881885833,15.654186928427178,1.6978276
eth,9.59312086698,41.8806429111,15.696919555050073,1.9755673
eth,9.59512477587,41.8583147026,10.9040697343985,1.9667286
eth,9.59668925373,41.8551594457,8.918144125396333,2.0108824
eth,9.59938921646,41.8323414658,23.13021171874185,1.9758222
eth,9.60099488598,41.8533743345,20.04636887237437,2.010445
eth,9.60298076521,42.0803290584,19.245220844137677,0.0
eth,9.60370084541,41.8458991657,8.604073171294813,2.0810187
eth,9.60399940648,41.8653874632,9.959209590336293,2.0185566
eth,9.61257094668,39.7830434463,6.142461297101594,0.0063982415
eth,9.61620020371,41.8498560874,10.780241437921674,1.8415424
eth,9.61703828694,41.7918254092,12.994351563559071,0.5619381
eth,9.62033298025,34.5342648788,5.826979564728754,0.0
eth,9.62049249822,41.820759451,19.533816212073287,1.3870107
eth,9.62676698518,41.625560872,5.216671938489988,0.01722435
eth,9.63095228353,42.146104574,16.120429826965324,0.0
eth,9.66381415681,41.7895497706,9.125474802854527,0.2728164
eth,9.66572734969,39.5581581156,10.20775618454394,0.5331506
eth,9.67897313862,39.913593504,5.241313959105594,0.0
eth,9.69228109533,34.7921192525,1.8675155202876854,0.0
eth,9.73443000378,34.7285555289,9.951314614622284,0.020464826
eth,9.74422788621,34.7872968911,4.643880985664769,0.0
eth,9.74677172525,42.3089673942,13.275900167452805,0.0
eth,9.75488202595,34.7602016893,2.758496035704727,0.021439342
eth,9.7591387282,37.044814049,8.648554716092672,0.0
eth,9.77979055862,38.658246372,8.787530290857243,0.017217625
eth,9.79007481406,37.5059416726,17.502796186766364,0.0
eth,9.83705860887,34.9150151529,5.232716392437041,0.0
eth,9.8440806253,37.1271346597,5.457606918130575,0.0
eth,9.84708661386,36.3422982077,12.599423811185362,0.0030020315
eth,9.89048905403,39.4845296,8.109664208343071,0.0
eth,9.8912342367,38.3744314394,9.445588253724885,0.0069754915
eth,9.91264985014,42.4725493546,8.941122303605333,0.0
eth,9.99190626942,37.6925527139,4.258318500899107,0.0012776229
eth,10.0165864149,38.2492265926,12.50953256813687,0.020325748
eth,10.0245110384,39.2131652933,7.079886133320591,0.002750894
eth,10.0723776044,34.5525967064,2.2871602715394537,0.73846406
eth,10.0735747444,35.299088631,10.8348134991119,0.0
eth,10.081237992,34.6831901825,4.61919208066801,0.0
eth,10.1249269842,39.6713085476,10.105893646490683,0.026963867
eth,10.1255685035,39.3173063282,9.059198810674285,0.0
eth,10.1771510236,38.9727796823,6.440859084062585,0.0
eth,10.1813677297,35.281505142,3.3192223106086787,0.0196512
eth,10.1897627775,39.4619581961,13.92585667491041,0.010674727
eth,10.3526409665,39.9574728242,19.79992444869223,0.05443177
eth,10.3608222301,35.9589938306,3.3205535066894223,0.0
eth,10.4180717415,38.1697121297,7.734129779443208,0.0376945
eth,10.4216173585,37.5765488785,5.4660124687873735,0.016801277
eth,10.4376029071,38.3184384011,9.004799913104808,0.00814988
eth,10.4624101433,42.2434955736,9.551214488140328,0.034207426
eth,10.4822087828,34.7861778123,8.6006951192543,0.0021000097
eth,10.4981528016,42.594943322,11.70695732123843,0.009817305
eth,10.5023759921,36.0048077152,6.733757469164072,0.0
eth,10.5281537836,39.8131068222,5.367981718794639,0.00039292
eth,10.5345284745,39.2707339047,8.156952870551248,0.0
eth,10.5635333752,37.4897795586,13.401948027849352,0.039747898
eth,10.5685626516,39.2356643786,7.1643358834300175,0.0
eth,10.5723047065,36.0713716954,10.209494148276114,0.0
eth,10.5738928409,39.9354279996,11.327261574329645,0.020614112
eth,10.5773759639,37.0449675094,7.632064094540345,0.0
eth,10.5792188385,38.6062533111,2.085339619732208,0.0
eth,10.5794319268,37.798498412,5.619008942242376,0.010841557
eth,10.5883521237,39.9074958295,6.779062669192839,0.019677104
eth,10.5892768292,37.4615982338,5.00282604621119,0.038211476
eth,10.7206898499,39.8860291278,11.496631298522248,0.10451734
eth,10.7230135909,37.2593232874,6.078701949647715,0.041846976
eth,10.7272867937,38.7178743781,3.375628966359105,0.03594594
eth,10.7561984007,38.7696742804,11.90614272097018,0.04733832
eth,10.7927763733,37.144541492,4.554496072266926,0.0
eth,10.821968586,36.347624252,2.6062504127663866,0.0
eth,10.8293373184,37.064423275,4.9102658639157015,0.017174117
eth,10.8585208676,36.8876491238,8.676842943142578,0.010493669
eth,10.8605156445,36.3502141172,3.4745370933599355,0.0
eth,10.863651794,38.2487832426,7.539588592444067,0.028600326
eth,10.9070459818,38.0365174999,6.274318950931495,0.0
eth,10.9346269955,37.0039728964,7.164287690496293,0.0
eth,10.9370696143,36.6547551047,6.231604238332483,0.0
eth,10.9436292122,40.0054371148,8.59567958697776,0.0
eth,10.9551945389,38.2846965084,5.0786732108318615,0.0
eth,10.9686100623,37.1784774038,7.69417399797701,0.007921212
eth,10.9878391908,39.9234074653,2.864652342757757,0.0
eth,11.003906691,39.9387898351,12.848514184028923,0.0
eth,11.0268833144,38.9229352692,9.25359484188582,0.0
eth,11.0636624461,37.0703789795,5.656348999815148,0.0
eth,11.0649986483,39.1176657526,5.238570281515366,0.0
eth,11.0874300942,39.7843913054,8.15504287267637,0.21771902
eth,11.09415308,39.7308806471,8.146183605440521,0.7577914
eth,11.1106759092,39.6278996228,12.601003092038196,0.61991566
eth,11.1136181517,40.017211804,7.0426311258580405,0.0
eth,11.115608637,36.3763433187,5.138459482301728,0.023350848
eth,11.1436010999,39.6325847592,21.654893646509976,0.6425402
eth,11.1437266727,39.6343515443,3.3744303823867807,0.6425402
eth,11.1913400617,36.9496969313,7.052128267736022,0.0
eth,11.2140035523,40.2055920948,13.405764752445506,0.0
eth,11.2385732357,38.311340877,14.994371362058025,0.0
eth,11.2828210609,36.9596879306,7.508617136474471,0.0
eth,11.3323287202,36.2720183518,7.509334822500453,0.008764152
eth,11.3508873749,38.2271249275,8.160110397628722,0.0038848869
eth,11.3563674371,39.4349241782,4.242164933957182,0.034239355
eth,11.3744751246,37.4523245003,12.152550802596217,0.00076277595
eth,11.3772201358,38.278018676,3.0129339260948305,0.0077272845
eth,11.3962743181,37.042616257,7.274199530055965,0.0057289954
eth,11.4068193647,38.2392937807,7.171332252935421,0.00809525
eth,11.4159600258,39.8485705676,6.307200696986432,0.0011541798
eth,11.5223288693,41.5692958857,11.089772297739763,0.0
eth,11.5278035382,41.5207097044,14.56276439948671,0.0
eth,11.5311102163,41.4141896542,8.992348977041669,0.14878404
eth,11.5627562227,41.4373370222,12.121069484929084,0.089180626
eth,11.5643352872,41.433969488,13.254406607042924,0.13603823
eth,11.5649164965,36.4628430612,14.10454604966637,0.020514797
eth,11.5722584501,41.4599988872,5.292447157212724,0.037966263
eth,11.5734898012,41.4562970482,6.163399168123659,0.039248303
eth,11.5763195069,37.3667248025,18.955685514721893,2.1939898
eth,11.583427511,37.4126559043,8.878619454302562,2.12802
eth,11.5896069125,37.3720338047,42.650332124869216,2.3568766
eth,11.5926346487,40.8433732471,16.067127111191443,0.0
eth,11.6129324631,37.3210522163,5.394291831918052,0.35271633
eth,11.6158919435,37.4626255675,2.78754514903908,0.32790187
eth,11.6284538153,40.8825663765,10.170018517151624,0.024003364
eth,11.6454398842,38.4188571016,5.837561059125938,0.0
eth,11.6514708203,37.1032812474,4.13406492906353,0.0
eth,11.6520715916,39.0267755553,2.3185298380130903,0.0
eth,11.6549185473,39.0357534985,3.305676651881857,0.0
eth,11.6692064259,39.6566031821,9.64400110317248,0.04168218
eth,11.6741945611,40.0955328755,10.694363247500709,0.0
eth,11.6890721348,37.6074550557,4.966232676179951,0.009214212
eth,11.6895323459,41.3481202391,13.322912353787116,0.0
eth,11.7869471206,37.5908030302,8.378256997213972,0.011809555
eth,11.8139982171,39.1404087668,5.087571821049502,0.0040260996
eth,11.8176445144,38.1602257763,4.276418616831189,0.004837858
eth,11.8421966141,39.6046072003,7.822815086307279,0.27698696
eth,11.8858767728,41.5738131116,13.823130074129946,0.013082059
eth,11.9048460332,39.4494717129,4.496358388922828,0.0
eth,11.9625257933,39.098154379,3.3293712142179603,0.00050136144
eth,11.991048262,39.3570736517,3.985858804114798,0.0
eth,11.991803995,39.7800216474,8.064593737128208,0.0
eth,12.0062359062,39.6076476069,8.251654044750321,0.00832978
eth,12.0498233904,37.8003237608,6.7454582440586135,0.0
eth,12.2543903131,38.6525748751,4.044331570090246,0.0
eth,12.3059878852,37.8380133833,5.7424218522898025,0.0
eth,12.3384962559,37.6750209615,4.182147472691259,0.0
eth,12.3562967332,38.4524416164,6.595740189200303,0.0
eth,12.375944081,39.0057851612,5.314734505401591,0.020698799
eth,12.3910703535,35.9335894324,5.078019729296398,0.0
eth,12.3989125709,39.0897466901,3.789473391889918,0.0
eth,12.4280735835,38.705318321,9.383801967253008,0.009576847
eth,12.5144435035,38.8249840847,4.741986386588186,0.0
eth,12.5522094741,37.4175787058,9.185575058762065,0.5811723
eth,12.556392241,37.3118585142,4.183242769424191,0.0
eth,12.6021218327,39.0322667898,7.005569549180898,0.10314559
eth,12.6083646798,37.4679521596,8.676884977275922,1.1285857
eth,12.6169142005,37.4684022403,6.8496237380935,1.0383809
eth,12.6209662316,39.4244520175,9.149577078011294,0.0
eth,12.6231333276,39.6516820917,11.201098045485988,0.01118339
eth,12.757533335,37.6181844455,6.153059655013006,0.006119504
eth,12.7580639926,38.9938699775,7.3652219470910145,0.0
eth,12.7826268158,39.3068867968,6.323625006403218,0.0030531953
eth,12.7845584511,39.549243484,11.396165378826803,0.1994874
eth,12.8017155321,36.93031443,4.027874635276955,0.0
eth,12.805251571,37.4183801156,5.959607266841638,0.0
eth,12.8780575269,36.9851395735,3.292396457551974,0.0
eth,12.9196896354,37.032969423,6.7830599322332645,0.0
eth,12.9534149289,36.8314382163,3.4932005156103902,0.0
eth,13.01685124,39.3671636164,8.629794744679318,0.01420607
eth,13.2057013494,37.8511140761,11.500350416937499,0.0
eth,13.2058110304,37.7876552215,4.945524175534144,0.0
eth,13.2349577336,39.1634392625,5.3364869365476855,0.0
eth,13.2820240216,39.4405203839,10.167791979001853,0.0
eth,13.2843556689,39.5298315988,9.46287039401593,0.04236011
eth,13.3093670101,39.537840222,2.0647009138213304,0.0070083546
eth,13.3722274393,37.7898736298,3.3514964486946743,0.0
eth,13.378876155,37.8923613595,8.032868370102852,0.0
eth,13.445119687,39.4554479739,8.572332312569301,1.6771138
eth,13.4725073289,39.5370858587,13.567392048186324,0.78434485
eth,13.4774390358,37.121337842,12.063705080969557,0.0
eth,13.4799053631,39.4757236203,9.936633842324978,3.374699
eth,13.482581105,39.4822550966,25.74516882548659,3.456038
eth,13.483455142,39.4972998808,8.978668233151312,3.5461533
eth,13.4906250167,39.4698253525,15.972539083787039,3.547772
eth,13.4959239313,39.4550387048,18.75723623177048,3.3652842
eth,13.4959614952,39.4733199966,23.1023228744079,3.7628987
eth,13.5067657829,39.479845641,12.03865751711134,3.7447143
eth,13.5148639098,39.451707139,21.561044998487972,3.329124
eth,13.5160575022,37.6273155648,15.646896521331623,0.0
eth,13.5188479701,39.4787763801,8.668660740726077,3.4211442
eth,13.5993945062,37.6294607001,9.742682520951155,0.0
eth,13.642517176,38.1191822345,11.022635106900172,0.0027612024
eth,13.6709932967,37.4064256501,9.61153028718167,0.0026503284
eth,13.691822766,39.2019014551,12.23654579414547,0.03671249
eth,13.7268385142,39.3001871652,10.89943248423667,0.0
eth,13.731570436,37.3672533162,8.029045499267108,0.013080682
eth,13.7594065927,39.7088136551,2.169667813215824,0.0056804707
eth,13.781326561,38.9865118422,3.983343471239332,0.0055371914
eth,13.7975010186,37.4518510509,7.510923237835124,0.0
eth,13.8014265472,39.6182529669,6.960932403435283,0.5758429
eth,13.8073113302,39.5987939955,13.43610154573208,0.55189884
eth,13.8351102558,37.4103917923,4.211781308547653,0.0
eth,13.8426043605,39.7196438594,11.7160096740072,0.016501369
eth,13.8440840301,38.4803250395,3.50749309347138,0.0
eth,13.8713387734,38.6366907016,8.485882588930762,0.040574193
eth,13.895387614,39.7873002106,16.240493492799686,0.006844373
eth,13.9843705066,39.5331294187,7.824774713961947,0.0
eth,13.985946938,38.6492990176,5.5231066207509665,0.008964426
eth,14.0775572909,38.3156776092,14.236008522974144,0.395542
eth,14.0859773206,38.9755077144,7.728132142101379,0.0
eth,14.0862760222,37.9831865445,7.324779950236904,0.0035679333
eth,14.0872350664,37.5015263838,4.413423621816485,0.0
eth,14.0922904353,39.6498433792,5.8256544302433495,0.0
eth,14.1005955542,38.2661417342,8.69504341433403,0.3890181
eth,14.1097608206,38.4738350524,7.072895050742748,0.041768823
eth,14.1278029513,38.7220195468,12.53037091621972,1.186785
eth,14.1294278702,39.56088637,4.538551755908208,0.0034576887
eth,14.1543771073,38.6998806669,9.520912917589236,0.883205
eth,14.1562794699,38.899765453,12.894168018202969,0.9114832
eth,14.1583566438,39.2258474475,13.444881208911642,0.0
eth,14.1819914938,36.4799930893,12.240846278332365,0.0
eth,14.1873882002,39.5544323791,9.494946869214358,0.20205092
eth,14.2527065254,39.6508902034,10.521638847679924,0.0
eth,14.2623092313,38.5017445074,6.151001240906105,0.0
eth,14.2762502474,39.1567179226,15.877713062430324,0.103627585
eth,14.2834679193,38.5730157222,4.657066492354852,0.012255772
eth,14.2885896726,38.210251919,13.926004639917965,0.023848431
eth,14.3007959467,39.0594892637,6.8823960831989694,0.0027801576
eth,14.3192174691,39.2715992602,5.894325614501989,0.02993253
eth,14.353816185,37.890876313,8.197659751030308,0.00062389456
eth,14.4559615944,39.4790823741,11.191210318659008,0.0
ng,4.31578611574,6.26875289976,4.3177172952485865,0.14276545
ng,4.32871914124,6.30817186855,4.880710913396205,0.019503744
ng,4.39842676868,7.18396240325,8.767257790697078,49.67442
ng,4.42519172703,7.16693458919,10.774503621497596,52.253048
ng,4.61937693024,7.68494550166,5.191333482656144,0.0
ng,4.62396354007,7.77168188394,7.1935332999730806,0.058901962
ng,4.63346885221,7.70097809876,1.8929169396062335,0.0
ng,4.66379708075,7.33236455293,5.742414780071362,0.01881002
ng,4.68817896818,7.70875490803,4.471324093108546,0.011502711
ng,4.70728140817,6.08810279067,8.515063778771655,0.007871593
ng,4.71430815223,7.16791537715,3.1511026548780743,6.260694
ng,4.74375535836,6.77709985593,8.317667501004873,0.088134475
ng,4.74700605661,7.30371647702,4.39763608833787,0.03649627
ng,4.75394354132,6.72883700328,8.965067548433955,0.031096125
ng,4.76075978363,7.16499712449,2.2810167592819477,1.2423713
ng,4.7633914725,7.93659582805,13.27783672930375,0.024303466
ng,4.76758083369,6.98822760384,9.417130460394874,5.848169
ng,4.77589652323,6.83958672566,10.023265937472074,0.059215885
ng,4.78376024056,7.02096866736,6.39581985065415,10.077235
ng,4.78786348202,7.10753851126,4.702913703092745,6.0461607
ng,4.78973914833,6.30791226865,7.752469399010442,0.07771962
ng,4.80794322157,6.97305168438,12.204550392267322,6.4033427
ng,4.81131885473,7.01090711768,3.266742820101487,12.564197
ng,4.81152822621,7.13539967261,8.158883665071125,5.397632
ng,4.81229655902,8.20668747457,4.752646195540017,0.12986754
ng,4.8273254021,8.08266879664,18.062355304457522,0.029197944
ng,4.82775113852,7.08120765621,5.126002805734859,10.571656
ng,4.82822094307,6.65565833534,6.304838809930011,0.04860731
ng,4.83911362418,6.97727467892,10.070310700501347,6.465724
ng,4.84817133474,6.98698237976,18.440005666117553,6.9210854
ng,4.84991665216,7.37144906773,7.157396138860527,0.21459989
ng,4.86001819643,7.05859914566,11.697558021166666,7.0883503
ng,4.86465103466,7.84994924205,26.833792359469474,0.000612033
ng,4.87309482762,6.8972545131,5.26828805952012,0.42725614
ng,4.87619045073,6.83123796352,4.470360988330955,0.027376916
ng,4.8986575724,7.00449752248,5.214992938924573,10.884884
ng,4.91094323545,7.95336950057,2.7973862336353106,0.026018295
ng,4.9187554254,6.2441768472,7.948105949207714,0.6958326
ng,4.919439155,6.30476609617,5.526790291812245,2.278279
ng,4.9211152487,8.02685220823,6.4118814706327285,0.056752387
ng,4.92438573831,6.95100803314,4.890277844689417,5.416015
ng,4.93447621662,7.96732908139,3.954539375981654,0.15735507
ng,4.93711593292,6.36422666906,4.746625454429434,1.5339454
ng,4.94791457045,7.7583190461,6.341573052290069,0.0445408
ng,4.95666250235,6.12071262379,14.400586960882936,0.16136837
ng,4.96225342141,8.32730236259,9.072723324486615,2.5304582
ng,4.96425337683,5.77154382849,3.3668277219834577,3.161235
ng,4.96466286575,7.8047042472,8.154404914975713,0.08891525
ng,4.96679274568,6.33782574293,5.92308506079212,3.9644976
ng,4.99608982195,8.35749901742,11.32928609795049,2.4329708
ng,5.00350192442,7.94191212047,21.676009528856575,3.6046894
ng,5.01159047312,7.94962641359,15.405197989435381,3.6436388
ng,5.01303541357,7.83516018666,2.72642741401415,0.20220336
ng,5.01307122438,8.32851956354,12.52459422185439,2.1656408
ng,5.01417184373,6.54474998558,5.560553933346057,0.29720828
ng,5.05073911243,8.33941410449,5.821529291837582,1.1850342
ng,5.05398782837,8.42242009772,3.9126550660680586,0.019148428
ng,5.05646571817,7.91862324541,13.855590590290086,3.5813706
ng,5.07826901425,7.91162660924,8.499463348680267,2.1097915
ng,5.08014972082,6.81685134062,5.244544024942423,0.14935204
ng,5.08858328195,7.73858652865,4.284591469576436,0.06090068
ng,5.09037333332,7.36620770377,6.191945872495203,2.651795
ng,5.10748991826,8.18243277741,1.7089986921424616,0.0
ng,5.11421765924,7.3745962586,6.900707803089267,2.9095063
ng,5.11615185902,7.39632754995,4.245573165900039,2.2939482
ng,5.1415701422,6.07837594951,4.8248379395106,0.04102802
ng,5.14203254737,7.37471602851,7.635563535217933,2.2276487
ng,5.14601648677,6.61622345941,5.689926341684179,0.9492963
ng,5.14722225689,6.32930977366,4.3336420156997475,0.09049032
ng,5.15341945792,7.59318224517,3.2393228947580983,0.0014299937
ng,5.16699835431,7.71292011629,4.879955875469091,0.34857014
ng,5.20825520805,7.7445034241,4.128585455191293,0.26933905
ng,5.25625865911,6.61941404124,6.108413024096898,120.02665
ng,5.26959130436,6.30405776041,5.1576465614386455,0.011854412
ng,5.276399221,7.72157200275,4.503567793514597,0.096894465
ng,5.28795684803,6.99396887212,4.072965340865077,0.011642599
ng,5.28980449205,7.57803727898,2.6390221129585116,0.005919358
ng,5.31524834074,7.4334346461,3.5563896330684197,0.04219397
ng,5.32569602757,6.89672161071,2.619677528479947,0.0069703087
ng,5.33606883672,8.33583828174,18.133035838193518,0.1751237
ng,5.35086568605,7.40188916719,6.332768474263627,0.06753999
ng,5.37543571206,7.08733204974,3.645741843994245,0.031025466
ng,5.38520298007,7.5278870437,3.4157789143540036,0.077342756
ng,5.41868312062,5.75708490409,3.229004983854991,0.058704805
ng,5.43848387926,6.21339808502,6.19683520729865,0.8759044
ng,5.44315706398,7.05253754146,7.576988920715405,1.6579889
ng,5.44624050621,7.01122131407,8.655583282939881,1.6333971
ng,5.45868572043,7.22201733456,4.001379081567318,0.17142397
ng,5.46540908966,7.56949383789,25.33596733497612,0.09473734
ng,5.48404644274,6.93396793939,7.488966620239976,0.054950155
ng,5.49303723775,6.22086915373,5.569419455370845,1.1908705
ng,5.4978516061,5.82187907485,10.563264100245496,2.4063337
ng,5.50002620235,7.20142229471,2.685296622549269,0.17450155
ng,5.51610389484,5.70809600899,6.518147501714084,8.048211
ng,5.5223818305,7.04931503016,9.88528565474334,1.8234042
ng,5.53545594433,7.53153560163,9.32192837426608,1.0622311
ng,5.54243058617,7.18849715679,4.3600717032002585,0.0684802
ng,5.54711501136,5.8168929288,9.504387588810335,3.8195975
ng,5.55555406781,7.611029751,4.462970354868175,0.02194363
ng,5.56220655235,7.34072478152,12.791066524904158,0.12665214
ng,5.57911500939,7.01992528834,6.0164218539565395,0.09131641
ng,5.59093085015,7.36813000489,10.153038054067322,0.0860115
ng,5.62819774804,5.92368425969,3.1611279166536783,0.123738505
ng,5.63326050852,5.89040920591,1.7584701221954337,0.21018064
ng,5.65672719049,7.32275326356,3.1536365395452917,0.016608482
ng,5.66488837725,7.04132994795,5.8043101422930885,0.04514588
ng,5.67943596365,7.08250261971,5.208120481462455,0.028283658
ng,5.68062519373,6.4106027931,5.797342129491116,37.464012
ng,5.69861467033,7.51949932817,5.086216615298697,0.1119204
ng,5.72024007766,7.24106174919,4.930409453370307,0.0188374
ng,5.7463142697,6.98741725027,2.558139094445547,0.040375687
ng,5.75004501547,6.00057874843,3.3855758906124196,0.09474276
ng,5.77121166469,7.7768731363,3.8176103936912344,0.049092527
ng,5.78882325094,6.91399612712,2.9867733876715405,0.0
ng,5.7940487147,7.93329791673,6.139999662046288,0.0
ng,5.817367247,8.08849790176,4.022557746673968,0.08639385
ng,5.8249809823,6.86724219974,2.5200090885168183,0.04318166
ng,5.8341944655,7.01780657473,4.84361861484813,0.043324545
ng,5.83737244027,7.15281867916,3.771006943262183,0.0012527736
ng,5.87050766081,6.89768044152,3.3061706984148094,0.089982115
ng,5.90239078833,7.88108495188,2.0920482858694585,0.012945932
ng,5.91776306029,7.08737420747,4.168549663121385,0.0055413926
ng,5.91892832509,7.42249845731,3.587292202908527,0.042183273
ng,5.92030379623,4.96108766242,3.6103992761319117,0.012496001
ng,5.92345578983,7.54998693813,2.899492603700319,0.15229356
ng,5.92350211798,6.26530576313,4.60534142597168,5.3691654
ng,5.92433724341,6.99014119434,7.127502674633205,0.0060351193
ng,5.93434596942,8.14702576943,2.446599504807931,0.0050994484
ng,5.94843768037,8.91209387381,2.350219139612993,0.0025283594
ng,5.97697115544,7.69542430371,2.826042230614248,0.0
ng,5.98466768886,6.90304610994,4.796201003802419,0.46890965
ng,5.98776036565,7.09183471113,6.059373326816682,0.36067623
ng,6.00420085033,7.05712166484,8.577618864632122,0.428892
ng,6.01584229399,4.88254321566,3.6857795819153054,0.16241637
ng,6.02557845775,7.02851464405,5.072079665946926,0.19314986
ng,6.07262558501,6.83932595204,4.634964039388146,1.3583235
ng,6.09841937207,7.80601488159,2.167500257734646,0.0
ng,6.10137761736,7.18988708702,3.6876375790261884,0.01042698
ng,6.10526707784,6.91715445736,3.7132627164898153,0.37616572
ng,6.11297496554,6.77271141087,3.517214576713171,2.3582575
ng,6.11554285941,6.17661906842,3.9772587037461813,0.0
ng,6.11637020151,6.9068727711,16.531922604285686,0.7306423
ng,6.1245359666,6.94962416146,4.19707429157352,0.2575679
ng,6.12719827759,6.19491690513,3.4364035579718326,0.0
ng,6.1285244189,6.77187514997,5.101017840951382,2.6057234
ng,6.13080945767,6.95268589556,4.367565745039306,0.27574432
ng,6.13508730788,6.27951537976,4.3924955473730645,0.0
ng,6.1357229762,8.19044376243,1.161914250642172,0.007732756
ng,6.13830921581,6.79309260454,6.788023775743756,3.235341
ng,6.14702532932,8.21735911085,0.30879394094834123,0.0
ng,6.14970086879,6.79088934116,4.668680427374826,3.2164137
ng,6.15062167012,7.94504082969,1.7944138001620582,0.0
ng,6.15849115609,8.36649395856,1.7637918356852247,0.0
ng,6.16672923653,7.04307921477,8.177375185425134,0.93119407
ng,6.16779029063,7.00668904073,4.995031704153103,0.37660867
ng,6.18109053013,6.75295738696,15.282141015860097,1.8874714
ng,6.19155497242,5.06145630033,2.71597188312654,0.0
ng,6.19570728833,7.05534761125,13.042993644313066,1.3200284
ng,6.21286365773,6.71083357929,6.2481758588877865,2.1066191
ng,6.21969774922,4.65801363847,2.9500183741264885,0.0013928912
ng,6.24153758762,6.9368284516,5.292567039134216,0.033611976
ng,6.24318997534,7.61718158261,3.146700699174698,0.0011674847
ng,6.27637582461,5.64120150046,14.153755816219334,5.403705
ng,6.28524505144,7.31597545017,4.03028344819999,0.056177523
ng,6.28894706194,9.09030237592,2.633186793847517,0.0
ng,6.29112587931,8.24412304517,1.5102425627698333,0.026069224
ng,6.29487701088,7.06416881346,4.686116237635346,0.013601602
ng,6.30707299833,6.97017505862,5.006861685847522,0.007870523
ng,6.30995278146,5.69852872786,8.540525046744273,2.802683
ng,6.31316440344,6.96516116294,4.818229166078159,0.006875123
ng,6.31723421115,5.65757847009,8.664153491179974,6.3943753
ng,6.32069789207,5.61852022931,12.132684761810943,6.9573965
ng,6.32197039795,8.13246352876,9.519358815522574,1.2159741
ng,6.32314678579,8.11608584385,8.582946438684893,1.4533353
ng,6.32851769839,7.92322617905,1.5080676414298084,0.005019552
ng,6.33665067996,5.59674395675,6.552250849618029,4.9266915
ng,6.35401498931,6.83825461618,3.7554877352591833,0.05287767
ng,6.35472423412,5.64703466044,5.7417063822198955,4.8218064
ng,6.35671357662,5.63477919828,6.256728821687234,4.769568
ng,6.36509891409,4.79043798009,15.995149645184556,0.020207249
ng,6.366917857,7.22449517406,3.004906869091203,0.011091619
ng,6.37205907464,4.79045343197,11.04419607642931,0.020207249
ng,6.37484011777,7.95872670003,2.147102319974128,0.22024831
ng,6.38063010312,5.58461144938,4.990742298819259,1.5119377
ng,6.38078595292,4.78712731377,4.5294983256910255,0.019288737
ng,6.39751545303,8.38341221361,1.9557896143325686,0.021099152
ng,6.39885088562,6.56869108498,5.184662902985406,0.0
ng,6.43132692896,2.8794767414,2.2341573861221824,0.56903434
ng,6.43216674574,7.49017574606,25.85754316280093,7.2065263
ng,6.43267960199,6.19725881709,5.595880134692374,0.008359187
ng,6.44305604944,6.58324477885,7.39153474014671,0.0
ng,6.44649768887,3.30557127872,4.469430648662603,8.705006
ng,6.44664005481,7.48473125241,15.78940234683686,6.9197955
ng,6.45073235155,3.32695938847,4.312794046693698,12.027684
ng,6.45550212441,7.47905887095,7.123609792006913,6.3309164
ng,6.45554810442,3.1662651602,3.6116090478739213,2.9894173
ng,6.4562865888,3.46440013365,4.086608188690343,12.414193
ng,6.45646508964,7.92548399948,2.1762457408038345,0.039405815
ng,6.46818017723,3.55661720878,4.070816043166037,5.174279
ng,6.47041667546,7.48763101682,18.936808048763126,6.1648684
ng,6.47669421647,3.35082050227,7.151520376295357,16.46074
ng,6.47942683802,7.76832453208,4.102595626319708,0.051627517
ng,6.4804236755,3.13909598766,17.262364611788257,2.8120544
ng,6.48675916551,9.15791712715,2.6823364248821866,0.0
ng,6.48895294974,3.31664746874,20.41819974214851,10.606784
ng,6.49039729884,3.32061258083,11.4693894830243,11.06005
ng,6.49296228892,3.31885987407,5.736106477230429,10.805043
ng,6.49405351597,4.74113115164,3.131808770238281,0.02591555
ng,6.49678035701,3.31637263591,3.9607478448260367,10.729401
ng,6.49837750849,3.38904971244,4.280067614625117,10.086124
ng,6.50038534186,9.1464710572,2.03506998705684,0.0
ng,6.50045244209,3.59690898231,6.1229182654839045,2.866279
ng,6.50173619088,4.77003923601,6.775472182454738,0.033528
ng,6.50189424991,3.24117564542,5.779685258834594,4.61638
ng,6.50434709907,3.33319780712,23.681200354060444,12.117692
ng,6.50579840795,8.87016201696,3.954340928757406,0.0
ng,6.50675100066,3.23194138411,4.375950494814568,4.176915
ng,6.50720123836,3.19201461276,3.832372242511429,3.1646452
ng,6.51546744123,3.33299537698,14.054602354314987,12.29908
ng,6.51633680839,5.67282952693,4.707185120242612,0.009111788
ng,6.51865254779,6.95442045214,2.5912978357300487,0.0
ng,6.52466564625,3.06807610194,3.2691581555061653,3.6799812
ng,6.53433439066,3.38757029698,4.387267892012525,9.553251
ng,6.53917916643,3.52933696875,3.5048669379164648,1.626217
ng,6.54433641702,3.34195135318,9.132465631186081,13.754531
ng,6.55129038102,8.91430949107,2.567223801936115,0.0
ng,6.55332176691,7.02906000742,3.1383785666414994,0.0
ng,6.55717644902,9.24541023152,2.855849978752059,0.0014025056
ng,6.58620544253,3.22852551553,3.5987279638001244,5.904575
ng,6.58890953692,3.37870207828,5.435781362064513,13.910499
ng,6.59877821502,3.3003681181,11.723381471364174,12.792941
ng,6.59894318499,3.32829954463,19.904112699932977,15.877879
ng,6.60106374452,3.30792972603,5.557622755693742,13.812292
ng,6.60385096475,3.49602227601,4.186231089763012,4.684491
ng,6.62858171097,3.2571232556,5.989812493213962,7.4665537
ng,6.63036521164,3.31816332437,5.463749790576557,14.421272
ng,6.64530644829,3.30560856778,7.934732487166746,12.171384
ng,6.65330181734,3.26893565308,4.517763905030906,7.3937287
ng,6.65413238327,3.83758150929,4.090104259986614,0.05425415
ng,6.6566194036,8.20003878675,1.3946858783745184,0.0
ng,6.65726327818,6.26200391636,4.0816670906298755,0.063444555
ng,6.66481207453,3.14934944235,5.180469079752043,2.779106
ng,6.66794394016,3.32278630171,7.410764884074687,9.803945
ng,6.66811358701,3.35076026789,10.34173591721716,8.2236805
ng,6.68239350802,7.29851954082,3.450624853156416,0.0
ng,6.68755547357,3.20068664011,6.4484345552637015,5.3946414
ng,6.69048479048,3.28762974195,3.1888849361087725,7.9780135
ng,6.69062278476,3.29377484926,4.887417752382145,8.023135
ng,6.69108625754,9.17602405307,5.665858388689091,0.02143813
ng,6.69118125694,8.13510252436,1.1202584816157675,0.0
ng,6.69323689452,9.22460085821,4.646068796629054,0.0038267279
ng,6.69400439799,3.10175352625,6.890152640029682,0.545665
ng,6.70744963598,3.28768108533,5.5268229759236425,6.454329
ng,6.70773000195,3.24220248127,4.029472215171533,5.976653
ng,6.71628234929,8.94761488299,2.3489844637993116,0.0065284055
ng,6.71877090651,3.43340193152,11.946485748779592,2.0942063
ng,6.7232035696,3.24954790588,12.018414162992919,5.3238297
ng,6.72681691596,3.43935855259,8.104807715123716,2.0496004
ng,6.73946599198,3.07006385412,2.3622276866061758,0.0056656934
ng,6.73947844291,3.16619679583,8.618980019745125,0.73138034
ng,6.76261156096,3.25605221402,9.952149888942659,2.2564356
ng,6.76793731983,7.64815866874,3.0739157961199126,0.023800952
ng,6.77379113524,3.21224671096,2.786478687704166,1.1495508
ng,6.78025293422,3.24846940679,8.377426705389931,1.200884
ng,6.78580876206,7.4526490073,2.8255535391611826,0.04494496
ng,6.79027591066,4.4881754665,3.262927583350531,0.0
ng,6.7904710982,8.21331932541,2.2891770320571183,0.0
ng,6.80038984022,8.92703039084,3.0933956354596375,0.007901791
ng,6.81385092027,3.9216782682,4.182627594915504,1.269165
ng,6.82426073472,3.21931760866,3.0032099310933953,0.709986
ng,6.82742963208,7.44800231149,4.3701549931222825,0.26714873
ng,6.85052200156,8.44516756605,2.753676944731009,0.18542136
ng,6.85900318163,8.84105642233,3.4327153933601444,0.009220563
ng,6.88937141272,8.93042296277,2.20171809181971,0.0408829
ng,6.92189164454,7.3908807764,3.239796686944232,0.039741024
ng,6.92659672268,7.53273181216,5.247956908025539,0.07662003
ng,6.92685920055,7.31463746088,0.9941865669870994,0.008649011
ng,6.92855674353,4.79402894454,3.1417308290133614,0.0
ng,6.94607655044,3.91648964653,2.5355498350241463,0.22659776
ng,6.94978053571,7.4785457797,3.7527295856622604,0.0466993
ng,6.9622348347,3.65447486882,5.202043166828738,0.2808742
ng,6.98925008423,7.44972717968,2.5495921695319943,0.011990426
ng,6.99459857818,3.69508877004,17.97374998472018,0.1413231
ng,6.99817747744,3.63779670957,2.458929860583308,0.08419345
ng,7.00887166636,3.80461643473,3.0591206826522925,0.0
ng,7.01328752039,3.5581495363,3.0674169739836934,0.007971137
ng,7.024700005,7.85588266464,2.307576790372579,0.0
ng,7.02536234292,4.65917597699,3.9370451229651446,0.0
ng,7.03818788075,6.06581164329,2.5724584685211256,0.021059912
ng,7.09383274893,4.82342356922,11.601497925898975,0.71469873
ng,7.11120144337,7.74246020701,3.7112197794651722,0.0060964334
ng,7.13124337986,7.67714309718,3.826161814111899,0.004569316
ng,7.13253377255,8.89928429772,2.051048453511923,0.0009632082
ng,7.1638067429,3.291569695,3.8939642365877316,1.00571
ng,7.17049054387,3.33525624451,4.223939996955515,1.5981094
ng,7.18153477595,8.12388325776,6.7136410341958825,1.2668893
ng,7.18499237084,9.05983389603,2.9598733034603826,0.003234925
ng,7.2095517303,3.01948250285,4.818322154956589,0.109358065
ng,7.21541359549,4.9475451581,4.523053024030405,0.0
ng,7.22467705161,7.71568738461,3.2704652836150694,0.0
ng,7.23891062262,7.23659197226,3.345592642959901,0.003621565
ng,7.24348892357,4.88333742804,3.5615119347993813,0.0017296437
ng,7.24489609069,4.83166821641,3.640364317082799,0.0017296437
ng,7.24953956032,10.1621259421,1.1010334879671302,0.0
ng,7.25862807651,5.20721888525,8.112972982398365,2.1061144
ng,7.26414092367,9.919658635,2.119105474115425,0.028152829
ng,7.26423756267,9.01303946971,2.7543621094864896,0.1167444
ng,7.2775054367,6.27529360525,3.541162400253136,0.0988345
ng,7.2996832847,5.19266186154,7.170965659588574,1.1442047
ng,7.29990524986,5.1701071426,4.205680597992016,1.0231154
ng,7.30081530784,3.86898330777,5.098447572644897,2.1539047
ng,7.31015034768,9.82258297564,2.5408205451146935,0.0
ng,7.31804344148,3.89513103445,3.835080243933072,2.4932127
ng,7.31908717934,4.98419867741,3.543044247488537,0.0
ng,7.32351479587,3.99070656849,3.9489104767807826,0.25529215
ng,7.33366650071,8.48366278934,1.4832842341717223,0.14418954
ng,7.35808994871,3.91623048611,3.6238543894264463,2.649602
ng,7.35828832308,3.9598512318,4.087552633801599,1.6315686
ng,7.35893181932,4.39502249912,2.9182933310587376,0.0
ng,7.3612719022,9.19218445612,3.433500057164511,0.0035125008
ng,7.37200520944,3.91770305651,4.1948840976060655,3.2078671
ng,7.37355391494,3.98900585707,5.6340957634985545,1.4628862
ng,7.37616885192,4.04715025958,2.567721519669985,0.3786589
ng,7.37786817355,4.18305513144,6.179838949670741,0.24117014
ng,7.37946116473,4.17270774675,3.387412934886471,0.24654347
ng,7.38626157038,3.88801867424,6.7600665265477025,4.66264
ng,7.38892819652,3.89482817894,2.5304565053572854,4.3720245
ng,7.39648950533,3.98182282721,4.145742826602901,1.924055
ng,7.39917871104,3.91948742003,3.729930170081264,3.5445802
ng,7.42542311313,4.5521340059,5.9697184336252915,0.1435133
ng,7.43163396744,3.95127212797,9.492374307327573,2.9894292
ng,7.44239354095,3.95032167349,17.453984366405102,2.694689
ng,7.45814962063,3.87760331713,5.51967124294342,2.0535989
ng,7.45896346014,7.26950147266,4.1759015312564935,0.0016563555
ng,7.46485632748,5.4293907403,5.287629727741082,0.012340872
ng,7.46997710189,4.56649950107,10.710395654179623,0.7903715
ng,7.4784735717,5.7386355919,5.47998879599556,0.07834457
ng,7.48888422073,7.65083462038,3.8008125549506953,0.0
ng,7.49600299304,5.22505704647,3.2044181364889046,0.39051318
ng,7.49739372718,4.53769734933,5.471104701002361,1.0119371
ng,7.51514666615,8.10456074405,2.0066644270183747,0.0
ng,7.52350767909,8.46567823069,2.9075398860200092,0.0
ng,7.52376225446,3.89493785503,10.59413663192934,0.4249475
ng,7.53090935084,3.45899021583,10.475986231621969,0.0015219982
ng,7.53436805391,3.92693336156,6.374007307316501,0.38186455
ng,7.54357282967,7.61435948,2.8890164022855123,0.0
ng,7.54685598907,3.53921050284,2.9826085498462724,0.008047112
ng,7.55501328952,6.24531067599,12.72133451449354,3.0149925
ng,7.56362720146,3.88593763827,5.5758200950153265,0.12425163
ng,7.56485360147,7.65650216501,5.9731745645969765,0.0
ng,7.57733296476,8.60288336002,5.2566960674411805,0.1627873
ng,7.58372905586,6.18160726881,4.445720022966472,1.4848609
ng,7.58639772801,3.56382399982,4.3384796123630975,0.0
ng,7.59186884135,6.23380199293,7.0200956571848305,2.7606943
ng,7.5996726073,8.2205397387,2.5515860275554516,0.11396917
ng,7.60165054852,5.00019484456,2.81942026858166,0.014916089
ng,7.61626984968,5.20515120732,5.753486195587737,1.1602821
ng,7.6217671918,5.72965235815,32.599468046476545,0.0
ng,7.62206362788,5.37763959247,3.704919504155842,0.0021682668
ng,7.62842757176,5.73993434174,6.524294255834659,0.0
ng,7.63424970989,4.25444689504,4.052233517989355,0.24776994
ng,7.63633308132,4.7885729038,7.089959192579556,1.0388602
ng,7.6548441099,4.74634422017,6.483020432537609,1.2237264
ng,7.65536420745,7.28227086573,3.217187384388328,0.0
ng,7.7019577993,6.4357504048,2.130264932340948,0.066211894
ng,7.71323678282,5.4995932546,8.98031455581018,0.0
ng,7.72299962882,5.7230213615,4.263585235880905,0.0014513112
ng,7.72688890371,4.4308942316,1.6121181887047242,0.7289293
ng,7.7352051419,8.47753518815,3.5552744169052977,1.0586059
ng,7.73562911198,6.75458303431,8.71873928165422,0.52614814
ng,7.73905567566,11.4379397261,1.1011354345904973,0.0
ng,7.74373029764,10.0675409929,2.6338045941443973,0.061970804
ng,7.74869545879,6.73693808199,6.43320057265178,0.8644598
ng,7.75268334939,4.55402517616,2.7520458871894635,2.7315567
ng,7.75634569439,4.54948169538,3.655064998615428,2.9712315
ng,7.75799548621,4.5611510431,2.4055690142824995,2.9307537
ng,7.76981625019,4.56251682285,3.443660110658814,3.242641
ng,7.77312939035,4.78598293313,4.007558854521381,0.023549814
ng,7.79737988888,4.77880287277,4.710326604848701,0.04494953
ng,7.8000121507,5.1790659953,4.487388484263222,0.017860275
ng,7.81889462484,4.56016534963,7.806064723169172,2.5509906
ng,7.83130619002,6.65595181027,3.409787795628605,0.4837569
ng,7.83990187571,4.92200036268,3.5086775268577646,0.009391445
ng,7.84630300853,4.52226616826,4.534137955923783,1.171388
ng,7.84708436598,5.32362148174,8.311656958287164,0.0044888244
ng,7.86320958848,3.91913721389,3.1034406993394423,0.4577606
ng,7.87623366503,4.13359234294,3.4305208337990227,0.0
ng,7.88418905546,5.00894494098,3.736805188290551,0.0
ng,7.8881917373,5.09996098651,3.723840944602196,0.02629474
ng,7.9085792557,4.68735434357,5.1340307044129805,0.70083517
ng,7.91724465814,5.77211251871,3.1494200412453335,0.0
ng,7.91967484177,4.64890348733,3.351795702666886,0.57584226
ng,7.93123660997,4.71991263524,6.761123344748961,0.25185
ng,7.94794794807,7.84960063268,4.480119783019337,0.009328994
ng,7.95773268283,3.15073058731,3.242301813773946,0.0013189755
ng,7.98061020934,5.98696096111,4.707529388226378,0.0
ng,7.98153287211,3.59347717923,3.4917297064188917,0.6267648
ng,8.00605301625,3.369913666,3.46975997376904,0.047220074
ng,8.0419742501,5.04121203164,4.2886442341657816,0.06280557
ng,8.08520331136,6.79746807593,3.982301086643689,0.04084596
ng,8.10138618274,5.24942505029,4.995460514662757,0.10868353
ng,8.12862286804,4.25760459612,10.014433140172414,0.36760378
ng,8.1299959029,4.3959858225,3.97060983669145,0.0
ng,8.13943598222,5.09664678897,4.216939678138638,0.87252444
ng,8.14711623814,4.22652373232,10.440177519175279,0.32697174
ng,8.14985330927,4.71782168026,2.847589886699221,0.55549484
ng,8.15356409038,9.20130225445,1.75502957206723,0.0
ng,8.15833763849,4.25003410804,15.344333486970447,0.36019415
ng,8.16494491994,4.68789992631,4.677517108007849,0.40698543
ng,8.16654935232,4.98359605739,4.533267963729246,0.0018379871
ng,8.1719087494,6.9180044512,2.041613387993739,0.0
ng,8.18290058187,8.24291600706,1.8763190081705703,0.0
ng,8.18442915554,4.73393810378,6.423981542388929,0.33672586
ng,8.2392319882,4.28924575644,2.5536537470078513,0.074855246
ng,8.24159036845,4.80614922778,7.280753428252787,0.03795575
ng,8.27107981526,4.27846626278,5.529542906818971,0.06359364
ng,8.28819697301,10.567237298,2.1840480561283098,0.0
ng,8.30266963237,12.0444336999,2.1050777218724277,0.0
ng,8.30851254193,9.00809627385,1.8754683154468959,0.0
ng,8.32841838002,3.56125462387,4.479345527470245,0.0
ng,8.41697195423,8.54887798476,4.635349742543986,0.0020606918
ng,8.42356099526,10.5377729474,0.9798704972161963,0.0022224016
ng,8.43064997734,8.44133763019,3.775722681655514,0.0005202885
ng,8.43075126585,4.57397047246,6.561304289721451,2.6847599
ng,8.44315376369,5.04831159953,3.2496700906650715,0.0
ng,8.44512220182,10.5898676009,3.395499589062667,0.0
ng,8.46186144856,5.47250052638,1.813736564542328,0.0
ng,8.47107136179,3.39539400143,6.019866105615568,0.0008153216
ng,8.47932345503,8.51633676412,3.1254317331931993,0.7111814
ng,8.4870992479,4.55536125312,6.758421203142132,3.7058794
ng,8.49466932521,4.56243055738,4.591106568310153,3.3561378
ng,8.49728953564,4.53530126817,6.186520428582831,2.7829595
ng,8.50186911091,4.54915612745,5.001412189066975,2.9782083
ng,8.50544423756,4.5173650952,6.370212202573769,1.8962809
ng,8.50554868677,4.48776953432,4.424703694370444,1.1368732
ng,8.50999632494,4.51285673955,2.8317568451805286,1.6764683
ng,8.51069505625,4.53522167642,4.551022608499014,2.1962876
ng,8.51235195606,4.50907145461,7.5160896526483,1.5118073
ng,8.52688744438,7.55123763782,2.600467898931155,0.0
ng,8.53057281809,4.55319974216,6.036857267766479,1.2946248
ng,8.53137588857,11.0126540031,17.1353838974404,0.0
ng,8.6125691508,8.11639579557,3.3332093763528863,0.0
ng,8.62181879098,10.8149500964,1.520955477659422,0.0007730784
ng,8.65495911471,2.96908456774,2.16440338245456,0.0
ng,8.67984677076,3.39735353797,7.2969603760058614,0.006354573
ng,8.69974266552,11.3822886692,2.1716892041046276,0.0
ng,8.74567656938,5.60812372908,2.7229754710289273,0.0
ng,8.74629167618,9.60817054693,2.035455195786652,0.0
ng,8.82348866634,11.0920233258,2.514960968143908,0.0
ng,8.82539956842,11.1790836584,1.0336220797223479,0.0
ng,8.88737925291,5.46631081881,3.4450572258548258,0.0
ng,8.91239725593,6.07976381781,2.5154281620558807,0.048287172
ng,8.94381304739,7.66312433803,3.1615277628974283,0.66584545
ng,8.95620776983,7.28344415678,5.1205074626651035,3.0647655
ng,8.95937097796,12.1543140636,1.4487053742576825,0.0
ng,8.96424984937,11.3747667164,5.7294375839041995,0.7686519
ng,8.97009279645,11.7880278886,1.597849980729448,0.113251604
ng,8.9813356923,7.56066168615,5.366227674382317,4.1888247
ng,9.03428622105,7.57818979513,6.917474008064894,3.9348404
ng,9.03735536248,6.39690707898,2.452306140699429,0.0071733263
ng,9.05460716739,9.62755412848,0.8967920114809291,0.0
ng,9.05858899668,3.55032088937,1.9647276135747698,0.0
ng,9.0597890184,5.99411675023,5.97325916234004,0.8826222
ng,9.06398918316,11.6950075619,1.3493629685315454,0.0
ng,9.07087001397,5.82079810028,3.6436966772842667,0.027742976
ng,9.08325008923,9.87545223454,1.0502714594967217,0.0
ng,9.08622407212,7.31366150224,11.008109630746024,2.212506
ng,9.08816706561,7.31545378616,3.7353027645023618,2.367455
ng,9.08945959452,3.78671717101,2.1953093406059927,0.0
ng,9.09237769678,6.01558817301,3.745388715748717,0.8353548
ng,9.09914166639,7.27965069488,2.31817121184721,2.623927
ng,9.12877805025,8.95543491536,1.6336170928879354,0.00167581
ng,9.13802780288,8.75076675726,1.6390641187209347,0.04905673
ng,9.13837316308,7.21486828463,4.5041113507147,1.2666174
ng,9.14919109044,7.35656503051,8.503651395386036,6.4997363
ng,9.1871681018,11.2531410891,1.3014789893326761,0.0
ng,9.19954661318,7.2099953419,4.364337568854101,2.0747902
ng,9.20953725138,8.47389041737,2.2161193664094943,0.0036534232
ng,9.22770474161,5.69804736716,4.405494926619704,0.027544376
ng,9.2411689806,11.6256029384,2.2997972547372845,0.0
ng,9.25795348424,7.39288918245,5.749819518336865,1.3748099
ng,9.27522623056,9.80628007393,1.2406930213447855,0.0
ng,9.27709204641,7.07113203253,2.8163770301490665,0.0120914765
ng,9.29200984861,7.84289110421,4.056960724320891,0.0
ng,9.30880996144,11.1451709661,3.0825164185246035,0.0
ng,9.33287881009,11.7819675423,1.6115563197067184,0.0
ng,9.35668119389,12.1731637317,1.8250669913919557,0.023270098
ng,9.36755145505,9.96841391353,2.4504084729619455,0.003450137
ng,9.38008255322,11.2653621513,1.771221583126187,0.0
ng,9.3886144547,9.45231354926,2.946379278130472,0.0
ng,9.41770026627,9.07009067276,2.5468778232825553,0.011581683
ng,9.45636293174,7.40496850364,2.904026122509927,0.2447756
ng,9.48618293097,11.7394204994,1.2780509030234166,0.0
ng,9.56832974155,6.54962621335,5.13901583125388,2.690611
ng,9.58290889281,11.1869904596,2.8066719105032587,0.0
ng,9.59716330811,6.55012020232,18.993329368968517,3.7349062
ng,9.61002863215,8.87897461467,5.572911619632599,0.027069956
ng,9.62733806505,11.0952665068,0.9460147932046856,0.0
ng,9.63134879803,6.37927524336,3.24293811450427,0.013343776
ng,9.63716058302,6.92210173525,2.080568539766269,0.017289532
ng,9.64548319786,3.95106637041,3.4431436636669224,0.0049738316
ng,9.64891389659,8.78061607023,2.1164742287189937,0.1862935
ng,9.66487825141,6.87359352803,3.330468737343919,0.029617997
ng,9.66595376123,7.95938581924,2.0525382423951344,0.0
ng,9.68199592163,11.8269506538,1.5721191477114325,0.09059996
ng,9.6929650288,12.6395843417,1.1291576063140982,0.0
ng,9.73166283937,5.79716501338,2.766124370707269,0.0
ng,9.74238406029,8.46313813412,3.0004758694267792,0.009444454
ng,9.74981773631,5.62240105707,2.768265594719025,0.0
ng,9.76429656454,11.3007085104,3.530107910008704,0.026296992
ng,9.80773294998,9.80746714082,1.9509872293044699,0.0
ng,9.82282273233,10.9007882495,2.3657410052612176,0.0
ng,9.86015744722,11.1997429657,4.4591525194302974,0.10647716
ng,9.89311364116,8.86683118559,3.2291261219325587,5.34581
ng,9.91672751719,8.88729172616,6.447742469204867,5.2765274
ng,9.91793841438,11.6894166432,1.553186272874454,0.0
ng,9.9336293836,8.92009305242,5.824426844885718,3.4260643
ng,10.0028716514,8.87799969139,5.520629377669025,0.7375622
ng,10.0594166178,8.55293330483,2.424537452821302,0.013623469
ng,10.0746622967,9.60863965762,1.5951305291918838,0.008812977
ng,10.1581945175,11.4693760711,2.3545358211577194,0.030068757
ng,10.1941516025,12.4560676383,1.4118618680222097,0.0
ng,10.2374167796,10.1316668985,2.0673863647284105,0.017133823
ng,10.2547393988,8.57794467347,4.720089838163315,0.024047278
ng,10.2669058861,4.67390470965,1.4029732850532355,0.04728948
ng,10.2686739218,13.2386102614,3.021644771681299,0.019747663
ng,10.2710717474,13.3077304864,2.81079023861173,0.024575857
ng,10.2772898378,12.2024280508,1.5201977002249907,0.0
ng,10.2832908043,12.8870466619,1.332361347055782,0.0
ng,10.286224686,9.63766289493,1.8434967024410531,0.0071114255
ng,10.2960624391,11.1851232783,5.567597814393862,7.1515465
ng,10.3043968777,9.84682965897,3.611763953992915,4.1728454
ng,10.3056619439,11.1688801061,8.228333153308567,6.7908597
ng,10.3063503732,11.0528017549,3.3258541600304308,0.18396719
ng,10.3669816879,9.50270725802,1.7921400327191068,0.0
ng,10.3715897296,8.13970747612,2.6718998202976323,0.0
ng,10.380860425,11.1014242958,3.8125515469291873,0.037457127
ng,10.4307765955,5.55735774683,1.5972948474369584,0.023180986
ng,10.4677191255,8.53800604067,2.6225513517448347,0.010617376
ng,10.4839449376,11.3966333392,2.3606847858299935,0.0
ng,10.484650388,12.3562981682,2.552502894978227,0.018175934
ng,10.5412424269,7.44285314996,3.644895901268621,10.377146
ng,10.5770578857,12.1764651264,3.367559695237279,0.5624382
ng,10.6546031992,10.4737639515,2.063963851280115,0.0
ng,10.7021170344,13.4417466208,1.0028293770753094,0.0
ng,10.7770268111,9.17261204795,1.3594174127414302,0.0
ng,10.8547917358,9.80578418282,2.1791226510897497,0.021544041
ng,10.8857336676,5.862466598,1.006619656320787,0.0
ng,10.907719355,10.0246378001,1.6380342177223979,0.0
ng,10.9169051641,5.84286840951,1.8096505131683305,0.0
ng,11.0608308749,7.70897915206,4.629314046301944,1.7199572
ng,11.1017295472,5.2633283335,2.118024758974289,0.035293784
ng,11.1106189745,4.58047882022,1.8399392206960512,0.0073372815
ng,11.1419320413,8.81329488971,2.0548335784173597,0.0
ng,11.2185430987,4.91132864861,1.1493530558642622,0.0
ng,11.2572989757,8.18148303502,1.6683082437599868,0.0
ng,11.2616479843,8.37380695819,1.7172141048666774,0.21046208
ng,11.2880018929,5.9197808717,1.0930040621390351,0.008990441
ng,11.3007607386,7.39367239612,2.9093555406304334,0.0050797258
ng,11.3020426575,5.50842843729,1.8088647667935633,0.0
ng,11.3054656725,7.73390156157,2.9969343076352546,0.032493494
ng,11.3166836958,10.4600436913,2.6960236233181845,0.09840375
ng,11.3860417188,6.35299796525,1.8690792316205165,0.0
ng,11.3952454571,9.47448023343,1.6733562802999786,0.097534545
ng,11.4159341831,7.26466004548,1.7511500906593558,0.109342664
ng,11.441262395,9.47007916968,15.670697409806767,0.7288447
ng,11.4479194346,10.5742279392,1.9861459918347373,0.0
ng,11.4511946607,9.58978260994,6.941231737017365,0.0
ng,11.4991519288,10.0713191817,2.872932848399413,0.0
ng,11.501207438,10.760756183,1.5640396279757875,0.0
ng,11.5065035262,7.4355870141,1.7277939432316958,0.10391967
ng,11.5241485116,8.63256828449,2.8752084891967375,0.0053210002
ng,11.5429155065,9.25703143653,2.218206676820127,0.04983843
ng,11.5432984179,8.56002089334,2.1063606891931443,0.0280707
ng,11.5544531259,7.85926829828,2.6368089803499823,0.0
ng,11.5595921311,9.01875772705,1.9128078568315827,0.0
ng,11.5816859996,9.26383069032,2.0447545618105925,0.038702503
ng,11.6094184201,7.56122765696,2.237527401439755,0.0404449
ng,11.6150199084,4.54156296556,2.363653695663155,0.004757394
ng,11.659794093,7.29415945594,1.7116053503495015,0.016346425
ng,11.6625912904,11.3418987657,2.8131622005244754,0.060695108
ng,11.715496904,11.1073085329,2.915827325067609,0.9089412
ng,11.7567650548,11.9710032757,4.4180309001145455,0.8239873
ng,11.79131569,13.1481753581,4.3915177258519495,1.7215735
ng,11.8005479846,10.1952772777,1.6079660556072894,0.04341579
ng,11.8033644608,7.64538375781,2.039298029863953,0.2301344
ng,11.8059382542,7.61681591533,2.7612682831960527,0.2533273
ng,11.8291673477,7.91950109695,2.1902802819518787,0.0013613832
ng,11.8332427578,13.1054982827,3.040733372666803,1.7353489
ng,11.8433628127,7.07152542576,2.3633901478478214,0.0
ng,11.8467109339,3.66529444486,2.7074474868358087,0.4578721
ng,11.8492343931,9.46469923892,1.2492926297498574,0.0
ng,11.8571196339,9.9700291945,5.105809424208941,0.0
ng,11.8642874349,8.99795946991,2.014533894906627,0.0049985773
ng,11.8718882672,6.03096011092,2.143798902568283,0.0023265348
ng,11.8785576374,8.44793698763,1.8834778943965644,1.429427
ng,11.8982900567,8.49050038478,2.6844493072495794,2.8066382
ng,11.8996910359,8.60117569382,1.8635983690377835,1.2885801
ng,11.9186358868,9.26012133523,5.588943556377933,0.0
ng,11.9201398279,8.76261026754,1.6797968229815814,0.0
ng,11.925430352,8.50068873707,4.766243439563451,7.525312
ng,11.9704482828,8.60059780402,10.746093039375923,8.283105
ng,11.9789019846,9.20491988745,2.244329219428776,0.0024657943
ng,11.9877560788,8.52976660735,5.526486400653,20.424406
ng,12.0379146953,10.8239952908,1.2824575464891688,0.0
ng,12.0479308079,8.47145788827,2.3992519124944365,2.9560807
ng,12.0691673277,12.8667110442,1.295593665578983,0.0
ng,12.0795111741,10.0555037438,8.989293835057518,0.0
ng,12.0796024717,10.2957219264,2.031459785303582,0.0
ng,12.0816159671,7.42099471614,1.4215772056401883,0.0
ng,12.1411646605,4.98389087398,2.3016826170865134,0.0
ng,12.1467705869,6.64603847955,2.320891502957644,2.5138173
ng,12.1483262237,8.36706976593,2.6194729996260246,0.009503962
ng,12.1538731644,4.84744728169,1.4612052112266973,0.008199401
ng,12.2157681712,8.23884299654,1.8571085755918217,0.07460267
ng,12.2528006094,7.61914102769,2.5914095413410867,0.0
ng,12.2849957239,6.58707664117,1.6354134100189897,0.034650095
ng,12.2871702475,9.7172267552,1.8669302347781753,0.009800529
ng,12.3031192396,11.9049071279,1.0302506163086276,0.0
ng,12.3199073143,4.34470881753,1.3862949515098868,0.046905898
ng,12.3370895212,7.3436905832,1.4568795927964753,0.0
ng,12.3416785167,9.64571332374,1.2453647678127435,0.0016237171
ng,12.4002193728,7.41242023946,5.604863161801011,0.00796962
ng,12.4204652598,6.22865247517,1.9237297526705721,0.008868613
ng,12.4333487503,4.09303146701,1.8620796745649566,0.08744194
ng,12.4380666964,10.0322812644,1.9026209001571568,1.4889804
ng,12.4454665016,7.49114788919,5.807574817150149,0.2775021
ng,12.4497965742,4.19027819896,6.80376814926614,2.2087202
ng,12.4810927555,8.16065247737,1.0290900856197047,0.0
ng,12.4842472103,13.1824663666,5.167835639717615,0.0
ng,12.5057920973,6.58623261754,2.7556400931685654,0.03825368
ng,12.5235104109,8.55016318397,1.7386823780987777,0.0
ng,12.5360340355,6.78546378416,1.8464886355453662,0.0
ng,12.5373078978,4.15778390928,2.8487645896002243,0.022046229
ng,12.5625360226,8.3137849757,4.5198355796769025,0.0
ng,12.6475821647,8.89407428174,1.4737490922097671,0.0
ng,12.6613866589,3.90166933878,1.923566922500537,0.0044854647
ng,12.6718093326,13.630725102,2.945009242200889,0.0
ng,12.6823265282,10.423477946,2.020068039760225,0.43347526
ng,12.6838444723,7.93324832422,2.058790257907606,0.0
ng,12.6884287547,4.79902148056,1.9042454962341597,0.0
ng,12.698645094,8.62238781524,1.5753986574312957,0.0
ng,12.7060914988,8.25431289722,1.8723020449011376,0.028204285
ng,12.7213614868,7.46485091618,1.5157202495743651,0.0
ng,12.7339831806,11.8217241687,0.9216573487330326,0.0
ng,12.7662404304,10.8561763609,1.75835691159508,0.0039149383
ng,12.771416817,4.82385170099,1.5687996092774465,0.0
ng,12.7794112921,7.64977181716,1.3425536704499508,0.005662866
ng,12.8418437051,10.9268915237,1.7360156136746943,0.0
ng,12.8569995948,10.5657037996,1.0855752217851196,0.0
ng,12.8860289818,11.0613351656,1.5144974192652878,0.1231099
ng,12.888358473,10.4580051735,4.83903476855638,0.13109133
ng,12.9440886541,7.23331565869,1.5479800222291178,0.0
ng,12.9638173024,5.1988185299,4.786499706354028,0.769019
ng,12.9676199074,7.58042773536,2.842988579559818,3.7847908
ng,13.0473696355,6.46492954583,2.533520109683956,0.00093973614
ng,13.0476171436,11.8739903891,1.5266041340401009,0.0
ng,13.0813322181,5.28111344582,2.3232440541694883,2.0943673
ng,13.1155370454,10.0449155894,1.4756022669356816,0.004080614
ng,13.2028054026,7.72146816455,1.1657779914655904,0.0007768454
ng,13.3398965064,5.21448047832,2.710442664085515,0.0039224504
ng,13.5555422996,6.24664666703,1.7595708655096076,0.0
ng,13.6042509783,5.74167644646,1.6475064813410003,0.0
ng,13.7142474624,5.55755290226,1.6673788780323875,0.0
